Filename,TruePos_X,TruePos_Y,TrueNeg_X,TrueNeg_Y,FalsePos_X,FalsePos_Y,FalseNg_X,FalseNeg_Y,,Precision_X,Accuracy_X,Recall_X,Precision_Y,Accuracy_Y,Recall_Y
"Values/lab_s1_1(2,3,self)",0,14,209,207,31,33,48,34,,0.0,0.7256944444444444,0.0,0.2978723404255319,0.7673611111111112,0.2916666666666667
"Values/outdoor_s1_1(1,4,self)",17,18,46,33,109,122,14,13,,0.1349206349206349,0.3387096774193548,0.5483870967741935,0.12857142857142856,0.27419354838709675,0.5806451612903226
"Values/outdoor_s1_2 (1,2,4,self)",85,28,101,132,97,66,113,170,,0.46703296703296704,0.4696969696969697,0.4292929292929293,0.2978723404255319,0.40404040404040403,0.1414141414141414
"Values/lab_s1_1(1,4),(2,3);(1,4),(2,3,self)",41,9,142,128,22,36,41,73,,0.6507936507936508,0.7439024390243902,0.5,0.2,0.556910569105691,0.10975609756097561
"Values/outdoor_s2_2(1,2,self)",58,46,0,0,0,0,47,59,,1.0,0.5523809523809524,0.5523809523809524,1.0,0.4380952380952381,0.4380952380952381
"Values/outdoor_s2_1(1,2,self)",79,82,0,0,0,0,46,43,,1.0,0.632,0.632,1.0,0.656,0.656
"Values/lab_s1_1(1,2,3,4,self);(1,4),(2,3)",83,44,99,177,185,107,59,98,,0.30970149253731344,0.4272300469483568,0.5845070422535211,0.2913907284768212,0.5187793427230047,0.30985915492957744
