Filename,TruePos_X,TruePos_Y,TrueNeg_X,TrueNeg_Y,FalsePos_X,FalsePos_Y,FalseNg_X,FalseNeg_Y,,Precision_X,Accuracy_X,Recall_X,Precision_Y,Accuracy_Y,Recall_Y
"Values/lab_s1_1(2,3,self)",0,28,121,130,19,10,28,0,,0,0.7202380952,0,0.7368421053,0.9404761905,1
"Values/outdoor_s1_1(1,4,self)",11,11,0,0,55,55,0,0,,0.1666666667,0.1666666667,1,0.1666666667,0.1666666667,1
"Values/outdoor_s1_2 (1,2,4,self)",53,59,66,39,72,99,85,79,,0.424,0.4311594203,0.384057971,0.3734177215,0.3550724638,0.4275362319
"Values/lab_s1_1(1,4),(2,3);(1,4),(2,3,self)",29,21,84,43,0,41,13,21,,1,0.8968253968,0.6904761905,0.3387096774,0.5079365079,0.5
"Values/outdoor_s2_2(1,2,self)",46,49,0,0,0,0,39,36,,1,0.5411764706,0.5411764706,1,0.5764705882,0.5764705882
"Values/outdoor_s2_1(1,2,self)",92,94,0,0,0,0,13,11,,1,0.8761904762,0.8761904762,1,0.8952380952,0.8952380952
"Values/lab_s1_1(1,2,3,4,self);(1,4),(2,3)",82,47,20,111,184,93,20,55,,0.3082706767,0.3333333333,0.8039215686,0.3357142857,0.5163398693,0.4607843137
,,,,,,,,,,0.5569910491,0.566512837,0.6136889538,,,
