Filename,TruePos_X,TruePos_Y,TrueNeg_X,TrueNeg_Y,FalsePos_X,FalsePos_Y,FalseNg_X,FalseNeg_Y,,Precision_X,Accuracy_X,Recall_X,Precision_Y,Accuracy_Y,Recall_Y
"Values/lab_s1_1(2,3,self)",0,23,172,163,18,27,38,15,,0.0,0.7543859649122807,0.0,0.46,0.8157894736842105,0.6052631578947368
"Values/outdoor_s1_1(1,4,self)",15,20,13,0,92,105,6,1,,0.14018691588785046,0.2222222222222222,0.7142857142857143,0.16,0.15873015873015872,0.9523809523809523
"Values/outdoor_s1_2 (1,2,4,self)",63,52,84,70,84,98,105,116,,0.42857142857142855,0.4375,0.375,0.3466666666666667,0.3630952380952381,0.30952380952380953
"Values/lab_s1_1(1,4),(2,3);(1,4),(2,3,self)",43,20,114,74,10,50,19,42,,0.8113207547169812,0.8440860215053764,0.6935483870967742,0.2857142857142857,0.5053763440860215,0.3225806451612903
"Values/outdoor_s2_2(1,2,self)",56,47,0,0,0,0,39,48,,1.0,0.5894736842105263,0.5894736842105263,1.0,0.49473684210526314,0.49473684210526314
"Values/outdoor_s2_1(1,2,self)",91,97,0,0,0,0,24,18,,1.0,0.7913043478260869,0.7913043478260869,1.0,0.8434782608695652,0.8434782608695652
"Values/lab_s1_1(1,2,3,4,self);(1,4),(2,3)",80,50,55,114,189,130,42,72,,0.29739776951672864,0.36885245901639346,0.6557377049180327,0.2777777777777778,0.44808743169398907,0.4098360655737705
