Filename,TruePos_X,TruePos_Y,TrueNeg_X,TrueNeg_Y,FalsePos_X,FalsePos_Y,FalseNg_X,FalseNeg_Y,,Precision_X,Accuracy_X,Recall_X,Precision_Y,Accuracy_Y,Recall_Y
"Values/lab_s1_1(2,3,self)",0,28,140,130,0,10,28,0,,1,0.8333333333333334,0.0,0.7368421052631579,0.9404761904761905,1.0
"Values/outdoor_s1_1(1,4,self)",11,11,4,0,51,55,0,0,,0.1774193548387097,0.22727272727272727,1.0,0.16666666666666666,0.16666666666666666,1.0
"Values/outdoor_s1_2 (1,2,4,self)",39,59,81,39,57,99,99,79,,0.40625,0.43478260869565216,0.2826086956521739,0.37341772151898733,0.35507246376811596,0.427536231884058
"Values/lab_s1_1(1,4),(2,3);(1,4),(2,3,self)",25,21,84,43,0,41,17,21,,1.0,0.8650793650793651,0.5952380952380952,0.3387096774193548,0.5079365079365079,0.5
"Values/outdoor_s2_2(1,2,self)",30,49,0,0,0,0,55,36,,1.0,0.35294117647058826,0.35294117647058826,1.0,0.5764705882352941,0.5764705882352941
"Values/outdoor_s2_1(1,2,self)",76,94,0,0,0,0,29,11,,1.0,0.7238095238095238,0.7238095238095238,1.0,0.8952380952380953,0.8952380952380953
"Values/lab_s1_1(1,2,3,4,self);(1,4),(2,3)",54,47,62,111,142,93,48,55,,0.2755102040816326,0.3790849673202614,0.5294117647058824,0.3357142857142857,0.5163398692810458,0.46078431372549017
