Filename,TruePos_X,TruePos_Y,TrueNeg_X,TrueNeg_Y,FalsePos_X,FalsePos_Y,FalseNg_X,FalseNeg_Y,,Precision_X,Accuracy_X,Recall_X,Precision_Y,Accuracy_Y,Recall_Y
"Values/lab_s1_1(2,3,self)",0,23,189,163,1,27,38,15,,0.0,0.8289473684210527,0.0,0.46,0.8157894736842105,0.6052631578947368
"Values/outdoor_s1_1(1,4,self)",13,20,25,0,80,105,8,1,,0.13978494623655913,0.30158730158730157,0.6190476190476191,0.16,0.15873015873015872,0.9523809523809523
"Values/outdoor_s1_2 (1,2,4,self)",52,52,102,70,66,98,116,116,,0.4406779661016949,0.4583333333333333,0.30952380952380953,0.3466666666666667,0.3630952380952381,0.30952380952380953
"Values/lab_s1_1(1,4),(2,3);(1,4),(2,3,self)",30,20,123,74,1,50,32,42,,0.967741935483871,0.8225806451612904,0.4838709677419355,0.2857142857142857,0.5053763440860215,0.3225806451612903
"Values/outdoor_s2_2(1,2,self)",46,47,0,0,0,0,49,48,,1.0,0.4842105263157895,0.4842105263157895,1.0,0.49473684210526314,0.49473684210526314
"Values/outdoor_s2_1(1,2,self)",66,97,0,0,0,0,49,18,,1.0,0.5739130434782609,0.5739130434782609,1.0,0.8434782608695652,0.8434782608695652
"Values/lab_s1_1(1,2,3,4,self);(1,4),(2,3)",59,50,89,114,155,130,63,72,,0.2757009345794392,0.40437158469945356,0.48360655737704916,0.2777777777777778,0.44808743169398907,0.4098360655737705
