Filename,TruePos_X,TruePos_Y,TrueNeg_X,TrueNeg_Y,FalsePos_X,FalsePos_Y,FalseNg_X,FalseNeg_Y,,Precision_X,Accuracy_X,Recall_X,Precision_Y,Accuracy_Y,Recall_Y
"Values/lab_s1_1(2,3,self)",0,14,232,207,8,33,48,34,,0.0,0.8055555555555556,0.0,0.2978723404255319,0.7673611111111112,0.2916666666666667
"Values/outdoor_s1_1(1,4,self)",15,18,56,33,99,122,16,13,,0.13157894736842105,0.3817204301075269,0.4838709677419355,0.12857142857142856,0.27419354838709675,0.5806451612903226
"Values/outdoor_s1_2 (1,2,4,self)",65,28,122,132,76,66,133,170,,0.46099290780141844,0.4722222222222222,0.3282828282828283,0.2978723404255319,0.40404040404040403,0.1414141414141414
"Values/lab_s1_1(1,4),(2,3);(1,4),(2,3,self)",27,9,153,128,11,36,55,73,,0.7105263157894737,0.7317073170731707,0.32926829268292684,0.2,0.556910569105691,0.10975609756097561
"Values/outdoor_s2_2(1,2,self)",36,46,0,0,0,0,69,59,,1.0,0.34285714285714286,0.34285714285714286,1.0,0.4380952380952381,0.4380952380952381
"Values/outdoor_s2_1(1,2,self)",54,82,0,0,0,0,71,43,,1.0,0.432,0.432,1.0,0.656,0.656
"Values/lab_s1_1(1,2,3,4,self);(1,4),(2,3)",73,44,130,177,154,107,69,98,,0.32158590308370044,0.4765258215962441,0.5140845070422535,0.2913907284768212,0.5187793427230047,0.30985915492957744
