Filename,TruePos_X,TruePos_Y,TrueNeg_X,TrueNeg_Y,FalsePos_X,FalsePos_Y,FalseNg_X,FalseNeg_Y,,Precision_X,Accuracy_X,Recall_X,Precision_Y,Accuracy_Y,Recall_Y
"Values/lab_s1_1(2,3,self)",0,5,189,185,1,5,38,33,,0.0,0.8289473684210527,0.0,0.5,0.8333333333333334,0.13157894736842105
"Values/outdoor_s1_1(1,4,self)",13,13,25,1,80,104,8,8,,0.13978494623655913,0.30158730158730157,0.6190476190476191,0.1111111111111111,0.1111111111111111,0.6190476190476191
"Values/outdoor_s1_2 (1,2,4,self)",52,11,102,139,66,29,116,157,,0.4406779661016949,0.4583333333333333,0.30952380952380953,0.275,0.44642857142857145,0.06547619047619048
"Values/lab_s1_1(1,4),(2,3);(1,4),(2,3,self)",30,7,123,120,1,4,32,55,,0.967741935483871,0.8225806451612904,0.4838709677419355,0.6363636363636364,0.6827956989247311,0.11290322580645161
"Values/outdoor_s2_2(1,2,self)",46,30,0,0,0,0,49,65,,1.0,0.4842105263157895,0.4842105263157895,1.0,0.3157894736842105,0.3157894736842105
"Values/outdoor_s2_1(1,2,self)",66,88,0,0,0,0,49,27,,1.0,0.5739130434782609,0.5739130434782609,1.0,0.7652173913043478,0.7652173913043478
"Values/lab_s1_1(1,2,3,4,self);(1,4),(2,3)",59,37,89,171,155,73,63,85,,0.2757009345794392,0.40437158469945356,0.48360655737704916,0.33636363636363636,0.5683060109289617,0.30327868852459017
