Filename,TruePos_X,TruePos_Y,TrueNeg_X,TrueNeg_Y,FalsePos_X,FalsePos_Y,FalseNg_X,FalseNeg_Y,,Precision_X,Accuracy_X,Recall_X,Precision_Y,Accuracy_Y,Recall_Y
"Values/lab_s1_1(2,3,self)",0,2,136,140,4,0,28,26,,0.0,0.8095238095238095,0.0,1.0,0.8452380952380952,0.07142857142857142
"Values/outdoor_s1_1(1,4,self)",11,11,0,0,55,55,0,0,,0.16666666666666666,0.16666666666666666,1.0,0.16666666666666666,0.16666666666666666,1.0
"Values/outdoor_s1_2 (1,2,4,self)",46,23,75,87,63,51,92,115,,0.42201834862385323,0.4384057971014493,0.3333333333333333,0.3108108108108108,0.39855072463768115,0.16666666666666666
"Values/lab_s1_1(1,4),(2,3);(1,4),(2,3,self)",28,11,84,79,0,5,14,31,,1.0,0.8888888888888888,0.6666666666666666,0.6875,0.7142857142857143,0.2619047619047619
"Values/outdoor_s2_2(1,2,self)",37,24,0,0,0,0,48,61,,1.0,0.43529411764705883,0.43529411764705883,1.0,0.2823529411764706,0.2823529411764706
"Values/outdoor_s2_1(1,2,self)",88,84,0,0,0,0,17,21,,1.0,0.8380952380952381,0.8380952380952381,1.0,0.8,0.8
"Values/lab_s1_1(1,2,3,4,self);(1,4),(2,3)",73,25,26,146,178,58,29,77,,0.2908366533864542,0.3235294117647059,0.7156862745098039,0.30120481927710846,0.5588235294117647,0.24509803921568626
