Filename,TruePos_X,TruePos_Y,TrueNeg_X,TrueNeg_Y,FalsePos_X,FalsePos_Y,FalseNg_X,FalseNeg_Y,,Precision_X,Accuracy_X,Recall_X,Precision_Y,Accuracy_Y,Recall_Y
"Values/lab_s1_1(2,3,self)",0,18,75,79,15,11,18,0,,0.0,0.6944444444444444,0.0,0.6206896551724138,0.8981481481481481,1.0
"Values/outdoor_s1_1(1,4,self)",1,1,0,0,5,5,0,0,,0.16666666666666666,0.16666666666666666,1.0,0.16666666666666666,0.16666666666666666,1.0
"Values/outdoor_s1_2 (1,2,4,self)",53,55,42,22,66,86,55,53,,0.44537815126050423,0.4398148148148148,0.49074074074074076,0.3900709219858156,0.35648148148148145,0.5092592592592593
"Values/lab_s1_1(1,4),(2,3);(1,4),(2,3,self)",11,22,44,11,0,33,11,0,,1.0,0.8333333333333334,0.5,0.4,0.5,1.0
"Values/outdoor_s2_2(1,2,self)",38,32,0,0,0,0,37,43,,1.0,0.5066666666666667,0.5066666666666667,1.0,0.4266666666666667,0.4266666666666667
"Values/outdoor_s2_1(1,2,self)",93,88,0,0,0,0,2,7,,1.0,0.9789473684210527,0.9789473684210527,1.0,0.9263157894736842,0.9263157894736842
"Values/lab_s1_1(1,2,3,4,self);(1,4),(2,3)",75,35,5,90,159,74,7,47,,0.32051282051282054,0.3252032520325203,0.9146341463414634,0.3211009174311927,0.508130081300813,0.4268292682926829
