Filename,TruePos_X,TruePos_Y,TrueNeg_X,TrueNeg_Y,FalsePos_X,FalsePos_Y,FalseNg_X,FalseNeg_Y,,Precision_X,Accuracy_X,Recall_X,Precision_Y,Accuracy_Y,Recall_Y
"Values/lab_s1_1(2,3,self)",0,14,205,207,35,33,48,34,,0.0,0.7118055555555556,0.0,0.2978723404255319,0.7673611111111112,0.2916666666666667
"Values/outdoor_s1_1(1,4,self)",18,18,41,33,114,122,13,13,,0.13636363636363635,0.3172043010752688,0.5806451612903226,0.12857142857142856,0.27419354838709675,0.5806451612903226
"Values/outdoor_s1_2 (1,2,4,self)",89,28,99,132,99,66,109,170,,0.4734042553191489,0.47474747474747475,0.4494949494949495,0.2978723404255319,0.40404040404040403,0.1414141414141414
"Values/lab_s1_1(1,4),(2,3);(1,4),(2,3,self)",43,9,140,128,24,36,39,73,,0.6417910447761194,0.7439024390243902,0.524390243902439,0.2,0.556910569105691,0.10975609756097561
"Values/outdoor_s2_2(1,2,self)",60,46,0,0,0,0,45,59,,1.0,0.5714285714285714,0.5714285714285714,1.0,0.4380952380952381,0.4380952380952381
"Values/outdoor_s2_1(1,2,self)",86,82,0,0,0,0,39,43,,1.0,0.688,0.688,1.0,0.656,0.656
"Values/lab_s1_1(1,2,3,4,self);(1,4),(2,3)",84,44,91,177,193,107,58,98,,0.30324909747292417,0.4107981220657277,0.5915492957746479,0.2913907284768212,0.5187793427230047,0.30985915492957744
