Filename,TruePos_X,TruePos_Y,TrueNeg_X,TrueNeg_Y,FalsePos_X,FalsePos_Y,FalseNg_X,FalseNeg_Y,,Precision_X,Accuracy_X,Recall_X,Precision_Y,Accuracy_Y,Recall_Y
"Values/lab_s1_1(2,3,self)",0,28,119,130,21,10,28,0,,0.0,0.7083333333333334,0.0,0.7368421052631579,0.9404761904761905,1.0
"Values/outdoor_s1_1(1,4,self)",11,11,0,0,55,55,0,0,,0.16666666666666666,0.16666666666666666,1.0,0.16666666666666666,0.16666666666666666,1.0
"Values/outdoor_s1_2 (1,2,4,self)",55,59,65,39,73,99,83,79,,0.4296875,0.43478260869565216,0.39855072463768115,0.37341772151898733,0.35507246376811596,0.427536231884058
"Values/lab_s1_1(1,4),(2,3);(1,4),(2,3,self)",30,21,84,43,0,41,12,21,,1.0,0.9047619047619048,0.7142857142857143,0.3387096774193548,0.5079365079365079,0.5
"Values/outdoor_s2_2(1,2,self)",47,49,0,0,0,0,38,36,,1.0,0.5529411764705883,0.5529411764705883,1.0,0.5764705882352941,0.5764705882352941
"Values/outdoor_s2_1(1,2,self)",94,94,0,0,0,0,11,11,,1.0,0.8952380952380953,0.8952380952380953,1.0,0.8952380952380953,0.8952380952380953
"Values/lab_s1_1(1,2,3,4,self);(1,4),(2,3)",85,47,19,111,185,93,17,55,,0.3148148148148148,0.33986928104575165,0.8333333333333334,0.3357142857142857,0.5163398692810458,0.46078431372549017
