Filename,TruePos_X,TruePos_Y,TrueNeg_X,TrueNeg_Y,FalsePos_X,FalsePos_Y,FalseNg_X,FalseNeg_Y,,Precision_X,Accuracy_X,Recall_X,Precision_Y,Accuracy_Y,Recall_Y
"Values/lab_s1_1(2,3,self)",2,23,164,163,26,27,36,15,,0.07142857142857142,0.7280701754385965,0.05263157894736842,0.46,0.8157894736842105,0.6052631578947368
"Values/outdoor_s1_1(1,4,self)",15,20,12,0,93,105,6,1,,0.1388888888888889,0.21428571428571427,0.7142857142857143,0.16,0.15873015873015872,0.9523809523809523
"Values/outdoor_s1_2 (1,2,4,self)",69,52,77,70,91,98,99,116,,0.43125,0.43452380952380953,0.4107142857142857,0.3466666666666667,0.3630952380952381,0.30952380952380953
"Values/lab_s1_1(1,4),(2,3);(1,4),(2,3,self)",46,20,112,74,12,50,16,42,,0.7931034482758621,0.8494623655913979,0.7419354838709677,0.2857142857142857,0.5053763440860215,0.3225806451612903
"Values/outdoor_s2_2(1,2,self)",59,47,0,0,0,0,36,48,,1.0,0.6210526315789474,0.6210526315789474,1.0,0.49473684210526314,0.49473684210526314
"Values/outdoor_s2_1(1,2,self)",94,97,0,0,0,0,21,18,,1.0,0.8173913043478261,0.8173913043478261,1.0,0.8434782608695652,0.8434782608695652
"Values/lab_s1_1(1,2,3,4,self);(1,4),(2,3)",87,50,49,114,195,130,35,72,,0.30851063829787234,0.37158469945355194,0.7131147540983607,0.2777777777777778,0.44808743169398907,0.4098360655737705
