Filename,TruePos_X,TruePos_Y,TrueNeg_X,TrueNeg_Y,FalsePos_X,FalsePos_Y,FalseNg_X,FalseNeg_Y,,Precision_X,Accuracy_X,Recall_X,Precision_Y,Accuracy_Y,Recall_Y
"Values/lab_s1_1(2,3,self)",0,17,189,174,1,16,38,21,,0.0,0.8289473684210527,0.0,0.5151515151515151,0.8377192982456141,0.4473684210526316
"Values/outdoor_s1_1(1,4,self)",13,17,25,0,80,105,8,4,,0.13978494623655913,0.30158730158730157,0.6190476190476191,0.13934426229508196,0.1349206349206349,0.8095238095238095
"Values/outdoor_s1_2 (1,2,4,self)",52,33,102,95,66,73,116,135,,0.4406779661016949,0.4583333333333333,0.30952380952380953,0.3113207547169811,0.38095238095238093,0.19642857142857142
"Values/lab_s1_1(1,4),(2,3);(1,4),(2,3,self)",30,18,123,104,1,20,32,44,,0.967741935483871,0.8225806451612904,0.4838709677419355,0.47368421052631576,0.6559139784946236,0.2903225806451613
"Values/outdoor_s2_2(1,2,self)",46,39,0,0,0,0,49,56,,1.0,0.4842105263157895,0.4842105263157895,1.0,0.4105263157894737,0.4105263157894737
"Values/outdoor_s2_1(1,2,self)",66,93,0,0,0,0,49,22,,1.0,0.5739130434782609,0.5739130434782609,1.0,0.808695652173913,0.808695652173913
"Values/lab_s1_1(1,2,3,4,self);(1,4),(2,3)",59,44,89,146,155,98,63,78,,0.2757009345794392,0.40437158469945356,0.48360655737704916,0.30985915492957744,0.5191256830601093,0.36065573770491804
