Filename,TruePos_X,TruePos_Y,TrueNeg_X,TrueNeg_Y,FalsePos_X,FalsePos_Y,FalseNg_X,FalseNeg_Y,,Precision_X,Accuracy_X,Recall_X,Precision_Y,Accuracy_Y,Recall_Y
"Values/lab_s1_1(2,3,self)",0,0,205,232,35,8,48,48,,0.0,0.7118055555555556,0.0,0.0,0.8055555555555556,0.0
"Values/outdoor_s1_1(1,4,self)",18,14,41,61,114,94,13,17,,0.13636363636363635,0.3172043010752688,0.5806451612903226,0.12962962962962962,0.4032258064516129,0.45161290322580644
"Values/outdoor_s1_2 (1,2,4,self)",89,1,99,191,99,7,109,197,,0.4734042553191489,0.47474747474747475,0.4494949494949495,0.125,0.48484848484848486,0.005050505050505051
"Values/lab_s1_1(1,4),(2,3);(1,4),(2,3,self)",43,6,140,157,24,7,39,76,,0.6417910447761194,0.7439024390243902,0.524390243902439,0.46153846153846156,0.6626016260162602,0.07317073170731707
"Values/outdoor_s2_2(1,2,self)",60,27,0,0,0,0,45,78,,1.0,0.5714285714285714,0.5714285714285714,1.0,0.2571428571428571,0.2571428571428571
"Values/outdoor_s2_1(1,2,self)",86,61,0,0,0,0,39,64,,1.0,0.688,0.688,1.0,0.488,0.488
"Values/lab_s1_1(1,2,3,4,self);(1,4),(2,3)",84,19,91,250,193,34,58,123,,0.30324909747292417,0.4107981220657277,0.5915492957746479,0.3584905660377358,0.6314553990610329,0.13380281690140844
