Filename,TruePos_X,TruePos_Y,TrueNeg_X,TrueNeg_Y,FalsePos_X,FalsePos_Y,FalseNg_X,FalseNeg_Y,,Precision_X,Accuracy_X,Recall_X,Precision_Y,Accuracy_Y,Recall_Y
"Values/lab_s1_1(2,3,self)",0,0,119,140,21,0,28,28,,0.0,0.7083333333333334,0.0,1,0.8333333333333334,0.0
"Values/outdoor_s1_1(1,4,self)",11,11,0,0,55,55,0,0,,0.16666666666666666,0.16666666666666666,1.0,0.16666666666666666,0.16666666666666666,1.0
"Values/outdoor_s1_2 (1,2,4,self)",55,10,65,110,73,28,83,128,,0.4296875,0.43478260869565216,0.39855072463768115,0.2631578947368421,0.43478260869565216,0.07246376811594203
"Values/lab_s1_1(1,4),(2,3);(1,4),(2,3,self)",30,6,84,83,0,1,12,36,,1.0,0.9047619047619048,0.7142857142857143,0.8571428571428571,0.7063492063492064,0.14285714285714285
"Values/outdoor_s2_2(1,2,self)",47,18,0,0,0,0,38,67,,1.0,0.5529411764705883,0.5529411764705883,1.0,0.21176470588235294,0.21176470588235294
"Values/outdoor_s2_1(1,2,self)",94,77,0,0,0,0,11,28,,1.0,0.8952380952380953,0.8952380952380953,1.0,0.7333333333333333,0.7333333333333333
"Values/lab_s1_1(1,2,3,4,self);(1,4),(2,3)",85,24,19,157,185,47,17,78,,0.3148148148148148,0.33986928104575165,0.8333333333333334,0.3380281690140845,0.5915032679738562,0.23529411764705882
