Filename,TruePos_X,TruePos_Y,TrueNeg_X,TrueNeg_Y,FalsePos_X,FalsePos_Y,FalseNg_X,FalseNeg_Y,,Precision_X,Accuracy_X,Recall_X,Precision_Y,Accuracy_Y,Recall_Y
"Values/lab_s1_1(2,3,self)",0,0,75,90,15,0,18,18,,0.0,0.6944444444444444,0.0,1,0.8333333333333334,0.0
"Values/outdoor_s1_1(1,4,self)",1,1,0,0,5,5,0,0,,0.16666666666666666,0.16666666666666666,1.0,0.16666666666666666,0.16666666666666666,1.0
"Values/outdoor_s1_2 (1,2,4,self)",53,16,42,69,66,39,55,92,,0.44537815126050423,0.4398148148148148,0.49074074074074076,0.2909090909090909,0.39351851851851855,0.14814814814814814
"Values/lab_s1_1(1,4),(2,3);(1,4),(2,3,self)",11,1,44,42,0,2,11,21,,1.0,0.8333333333333334,0.5,0.3333333333333333,0.6515151515151515,0.045454545454545456
"Values/outdoor_s2_2(1,2,self)",38,5,0,0,0,0,37,70,,1.0,0.5066666666666667,0.5066666666666667,1.0,0.06666666666666667,0.06666666666666667
"Values/outdoor_s2_1(1,2,self)",93,70,0,0,0,0,2,25,,1.0,0.9789473684210527,0.9789473684210527,1.0,0.7368421052631579,0.7368421052631579
"Values/lab_s1_1(1,2,3,4,self);(1,4),(2,3)",75,13,5,126,159,38,7,69,,0.32051282051282054,0.3252032520325203,0.9146341463414634,0.2549019607843137,0.5650406504065041,0.15853658536585366
