Filename,TruePos_X,TruePos_Y,TrueNeg_X,TrueNeg_Y,FalsePos_X,FalsePos_Y,FalseNg_X,FalseNeg_Y,,Precision_X,Accuracy_X,Recall_X,Precision_Y,Accuracy_Y,Recall_Y
"Values/lab_s1_1(2,3,self)",0,14,219,207,21,33,48,34,,0.0,0.7604166666666666,0.0,0.2978723404255319,0.7673611111111112,0.2916666666666667
"Values/outdoor_s1_1(1,4,self)",16,18,47,33,108,122,15,13,,0.12903225806451613,0.3387096774193548,0.5161290322580645,0.12857142857142856,0.27419354838709675,0.5806451612903226
"Values/outdoor_s1_2 (1,2,4,self)",78,28,105,132,93,66,120,170,,0.45614035087719296,0.4621212121212121,0.3939393939393939,0.2978723404255319,0.40404040404040403,0.1414141414141414
"Values/lab_s1_1(1,4),(2,3);(1,4),(2,3,self)",39,9,144,128,20,36,43,73,,0.6610169491525424,0.7439024390243902,0.47560975609756095,0.2,0.556910569105691,0.10975609756097561
"Values/outdoor_s2_2(1,2,self)",55,46,0,0,0,0,50,59,,1.0,0.5238095238095238,0.5238095238095238,1.0,0.4380952380952381,0.4380952380952381
"Values/outdoor_s2_1(1,2,self)",72,82,0,0,0,0,53,43,,1.0,0.576,0.576,1.0,0.656,0.656
"Values/lab_s1_1(1,2,3,4,self);(1,4),(2,3)",81,44,108,177,176,107,61,98,,0.3151750972762646,0.44366197183098594,0.5704225352112676,0.2913907284768212,0.5187793427230047,0.30985915492957744
