Filename,TruePos_X,TruePos_Y,TrueNeg_X,TrueNeg_Y,FalsePos_X,FalsePos_Y,FalseNg_X,FalseNeg_Y,,Precision_X,Accuracy_X,Recall_X,Precision_Y,Accuracy_Y,Recall_Y
"Values/lab_s1_1(2,3,self)",0,18,88,79,2,11,18,0,,0.0,0.8148148148148148,0.0,0.6206896551724138,0.8981481481481481,1.0
"Values/outdoor_s1_1(1,4,self)",1,1,0,0,5,5,0,0,,0.16666666666666666,0.16666666666666666,1.0,0.16666666666666666,0.16666666666666666,1.0
"Values/outdoor_s1_2 (1,2,4,self)",36,55,47,22,61,86,72,53,,0.3711340206185567,0.38425925925925924,0.3333333333333333,0.3900709219858156,0.35648148148148145,0.5092592592592593
"Values/lab_s1_1(1,4),(2,3);(1,4),(2,3,self)",11,22,44,11,0,33,11,0,,1.0,0.8333333333333334,0.5,0.4,0.5,1.0
"Values/outdoor_s2_2(1,2,self)",24,32,0,0,0,0,51,43,,1.0,0.32,0.32,1.0,0.4266666666666667,0.4266666666666667
"Values/outdoor_s2_1(1,2,self)",88,88,0,0,0,0,7,7,,1.0,0.9263157894736842,0.9263157894736842,1.0,0.9263157894736842,0.9263157894736842
"Values/lab_s1_1(1,2,3,4,self);(1,4),(2,3)",71,35,9,90,155,74,11,47,,0.3141592920353982,0.3252032520325203,0.8658536585365854,0.3211009174311927,0.508130081300813,0.4268292682926829
