Filename,TruePos_X,TruePos_Y,TrueNeg_X,TrueNeg_Y,FalsePos_X,FalsePos_Y,FalseNg_X,FalseNeg_Y,,Precision_X,Accuracy_X,Recall_X,Precision_Y,Accuracy_Y,Recall_Y
"Values/lab_s1_1(2,3,self)",0,23,179,163,11,27,38,15,,0.0,0.7850877192982456,0.0,0.46,0.8157894736842105,0.6052631578947368
"Values/outdoor_s1_1(1,4,self)",14,20,16,0,89,105,7,1,,0.13592233009708737,0.23809523809523808,0.6666666666666666,0.16,0.15873015873015872,0.9523809523809523
"Values/outdoor_s1_2 (1,2,4,self)",59,52,89,70,79,98,109,116,,0.427536231884058,0.44047619047619047,0.35119047619047616,0.3466666666666667,0.3630952380952381,0.30952380952380953
"Values/lab_s1_1(1,4),(2,3);(1,4),(2,3,self)",41,20,115,74,9,50,21,42,,0.82,0.8387096774193549,0.6612903225806451,0.2857142857142857,0.5053763440860215,0.3225806451612903
"Values/outdoor_s2_2(1,2,self)",54,47,0,0,0,0,41,48,,1.0,0.5684210526315789,0.5684210526315789,1.0,0.49473684210526314,0.49473684210526314
"Values/outdoor_s2_1(1,2,self)",87,97,0,0,0,0,28,18,,1.0,0.7565217391304347,0.7565217391304347,1.0,0.8434782608695652,0.8434782608695652
"Values/lab_s1_1(1,2,3,4,self);(1,4),(2,3)",76,50,62,114,182,130,46,72,,0.29457364341085274,0.3770491803278688,0.6229508196721312,0.2777777777777778,0.44808743169398907,0.4098360655737705
