Filename,TruePos_X,TruePos_Y,TrueNeg_X,TrueNeg_Y,FalsePos_X,FalsePos_Y,FalseNg_X,FalseNeg_Y,,Precision_X,Accuracy_X,Recall_X,Precision_Y,Accuracy_Y,Recall_Y
"Values/lab_s1_1(2,3,self)",0,28,132,130,8,10,28,0,,0.0,0.7857142857142857,0.0,0.7368421052631579,0.9404761904761905,1.0
"Values/outdoor_s1_1(1,4,self)",11,11,0,0,55,55,0,0,,0.16666666666666666,0.16666666666666666,1.0,0.16666666666666666,0.16666666666666666,1.0
"Values/outdoor_s1_2 (1,2,4,self)",48,59,74,39,64,99,90,79,,0.42857142857142855,0.4420289855072464,0.34782608695652173,0.37341772151898733,0.35507246376811596,0.427536231884058
"Values/lab_s1_1(1,4),(2,3);(1,4),(2,3,self)",29,21,84,43,0,41,13,21,,1.0,0.8968253968253969,0.6904761904761905,0.3387096774193548,0.5079365079365079,0.5
"Values/outdoor_s2_2(1,2,self)",40,49,0,0,0,0,45,36,,1.0,0.47058823529411764,0.47058823529411764,1.0,0.5764705882352941,0.5764705882352941
"Values/outdoor_s2_1(1,2,self)",92,94,0,0,0,0,13,11,,1.0,0.8761904761904762,0.8761904761904762,1.0,0.8952380952380953,0.8952380952380953
"Values/lab_s1_1(1,2,3,4,self);(1,4),(2,3)",78,47,23,111,181,93,24,55,,0.30115830115830117,0.3300653594771242,0.7647058823529411,0.3357142857142857,0.5163398692810458,0.46078431372549017
