Filename,TruePos_X,TruePos_Y,TrueNeg_X,TrueNeg_Y,FalsePos_X,FalsePos_Y,FalseNg_X,FalseNeg_Y,,Precision_X,Accuracy_X,Recall_X,Precision_Y,Accuracy_Y,Recall_Y
"Values/lab_s1_1(2,3,self)",0,21,121,138,19,2,28,7,,0.0,0.7202380952380952,0.0,0.9130434782608695,0.9464285714285714,0.75
"Values/outdoor_s1_1(1,4,self)",11,11,0,0,55,55,0,0,,0.16666666666666666,0.16666666666666666,1.0,0.16666666666666666,0.16666666666666666,1.0
"Values/outdoor_s1_2 (1,2,4,self)",53,38,66,49,72,89,85,100,,0.424,0.4311594202898551,0.38405797101449274,0.2992125984251969,0.31521739130434784,0.2753623188405797
"Values/lab_s1_1(1,4),(2,3);(1,4),(2,3,self)",29,18,84,51,0,33,13,24,,1.0,0.8968253968253969,0.6904761904761905,0.35294117647058826,0.5476190476190477,0.42857142857142855
"Values/outdoor_s2_2(1,2,self)",46,34,0,0,0,0,39,51,,1.0,0.5411764705882353,0.5411764705882353,1.0,0.4,0.4
"Values/outdoor_s2_1(1,2,self)",92,91,0,0,0,0,13,14,,1.0,0.8761904761904762,0.8761904761904762,1.0,0.8666666666666667,0.8666666666666667
"Values/lab_s1_1(1,2,3,4,self);(1,4),(2,3)",82,42,20,127,184,77,20,60,,0.3082706766917293,0.3333333333333333,0.803921568627451,0.35294117647058826,0.5522875816993464,0.4117647058823529
