Filename,TruePos_X,TruePos_Y,TrueNeg_X,TrueNeg_Y,FalsePos_X,FalsePos_Y,FalseNg_X,FalseNeg_Y,,Precision_X,Accuracy_X,Recall_X,Precision_Y,Accuracy_Y,Recall_Y
"Values/lab_s1_1(2,3,self)",0,27,132,137,8,3,28,1,,0.0,0.7857142857142857,0.0,0.9,0.9761904761904762,0.9642857142857143
"Values/outdoor_s1_1(1,4,self)",11,11,0,0,55,55,0,0,,0.16666666666666666,0.16666666666666666,1.0,0.16666666666666666,0.16666666666666666,1.0
"Values/outdoor_s1_2 (1,2,4,self)",48,44,74,43,64,95,90,94,,0.42857142857142855,0.4420289855072464,0.34782608695652173,0.31654676258992803,0.31521739130434784,0.3188405797101449
"Values/lab_s1_1(1,4),(2,3);(1,4),(2,3,self)",29,21,84,45,0,39,13,21,,1.0,0.8968253968253969,0.6904761904761905,0.35,0.5238095238095238,0.5
"Values/outdoor_s2_2(1,2,self)",40,39,0,0,0,0,45,46,,1.0,0.47058823529411764,0.47058823529411764,1.0,0.4588235294117647,0.4588235294117647
"Values/outdoor_s2_1(1,2,self)",92,92,0,0,0,0,13,13,,1.0,0.8761904761904762,0.8761904761904762,1.0,0.8761904761904762,0.8761904761904762
"Values/lab_s1_1(1,2,3,4,self);(1,4),(2,3)",78,44,23,122,181,82,24,58,,0.30115830115830117,0.3300653594771242,0.7647058823529411,0.3492063492063492,0.5424836601307189,0.43137254901960786
