Filename,TruePos_X,TruePos_Y,TrueNeg_X,TrueNeg_Y,FalsePos_X,FalsePos_Y,FalseNg_X,FalseNeg_Y,,Precision_X,Accuracy_X,Recall_X,Precision_Y,Accuracy_Y,Recall_Y
"Values/lab_s1_1(2,3,self)",0,0,205,225,35,15,48,48,,0,0.7118055556,0,0,0.78125,0
"Values/outdoor_s1_1(1,4,self)",18,16,41,57,114,98,13,15,,0.1363636364,0.3172043011,0.5806451613,0.1403508772,0.3924731183,0.5161290323
"Values/outdoor_s1_2 (1,2,4,self)",89,4,99,183,99,15,109,194,,0.4734042553,0.4747474747,0.4494949495,0.2105263158,0.4722222222,0.0202020202
"Values/lab_s1_1(1,4),(2,3);(1,4),(2,3,self)",43,7,140,152,24,12,39,75,,0.6417910448,0.743902439,0.5243902439,0.3684210526,0.6463414634,0.0853658537
"Values/outdoor_s2_2(1,2,self)",60,34,0,0,0,0,45,71,,1,0.5714285714,0.5714285714,1,0.3238095238,0.3238095238
"Values/outdoor_s2_1(1,2,self)",86,66,0,0,0,0,39,59,,1,0.688,0.688,1,0.528,0.528
"Values/lab_s1_1(1,2,3,4,self);(1,4),(2,3)",84,25,91,241,193,43,58,117,,0.3032490975,0.4107981221,0.5915492958,0.3676470588,0.6244131455,0.176056338
,,,,,,,,,,0.5078297191,0.5596980663,0.4865011746,0.4409921863,0.5383584962,0.235651824
