Filename,TruePos_X,TruePos_Y,TrueNeg_X,TrueNeg_Y,FalsePos_X,FalsePos_Y,FalseNg_X,FalseNeg_Y,,Precision_X,Accuracy_X,Recall_X,Precision_Y,Accuracy_Y,Recall_Y
"Values/lab_s1_1(2,3,self)",2,5,164,185,26,5,36,33,,0.0714285714,0.7280701754,0.0526315789,0.5,0.8333333333,0.1315789474
"Values/outdoor_s1_1(1,4,self)",15,13,12,1,93,104,6,8,,0.1388888889,0.2142857143,0.7142857143,0.1111111111,0.1111111111,0.619047619
"Values/outdoor_s1_2 (1,2,4,self)",69,11,77,139,91,29,99,157,,0.43125,0.4345238095,0.4107142857,0.275,0.4464285714,0.0654761905
"Values/lab_s1_1(1,4),(2,3);(1,4),(2,3,self)",46,7,112,120,12,4,16,55,,0.7931034483,0.8494623656,0.7419354839,0.6363636364,0.6827956989,0.1129032258
"Values/outdoor_s2_2(1,2,self)",59,30,0,0,0,0,36,65,,1,0.6210526316,0.6210526316,1,0.3157894737,0.3157894737
"Values/outdoor_s2_1(1,2,self)",94,88,0,0,0,0,21,27,,1,0.8173913043,0.8173913043,1,0.7652173913,0.7652173913
"Values/lab_s1_1(1,2,3,4,self);(1,4),(2,3)",87,37,49,171,195,73,35,85,,0.3085106383,0.3715846995,0.7131147541,0.3363636364,0.5683060109,0.3032786885
,,,,,,,,,,,,,,0.531854513,0.3304702195
