Filename,TruePos_X,TruePos_Y,TrueNeg_X,TrueNeg_Y,FalsePos_X,FalsePos_Y,FalseNg_X,FalseNeg_Y,,Precision_X,Accuracy_X,Recall_X,Precision_Y,Accuracy_Y,Recall_Y
"Values/lab_s1_1(2,3,self)",0,2,75,90,15,0,18,16,,0,0.6944444444,0,1,0.8518518519,0.1111111111
"Values/outdoor_s1_1(1,4,self)",1,1,0,0,5,5,0,0,,0.1666666667,0.1666666667,1,0.1666666667,0.1666666667,1
"Values/outdoor_s1_2 (1,2,4,self)",53,25,42,58,66,50,55,83,,0.4453781513,0.4398148148,0.4907407407,0.3333333333,0.3842592593,0.2314814815
"Values/lab_s1_1(1,4),(2,3);(1,4),(2,3,self)",11,3,44,35,0,9,11,19,,1,0.8333333333,0.5,0.25,0.5757575758,0.1363636364
"Values/outdoor_s2_2(1,2,self)",38,7,0,0,0,0,37,68,,1,0.5066666667,0.5066666667,1,0.0933333333,0.0933333333
"Values/outdoor_s2_1(1,2,self)",93,77,0,0,0,0,2,18,,1,0.9789473684,0.9789473684,1,0.8105263158,0.8105263158
"Values/lab_s1_1(1,2,3,4,self);(1,4),(2,3)",75,19,5,117,159,47,7,63,,0.3205128205,0.325203252,0.9146341463,0.2878787879,0.5528455285,0.2317073171
,,,,,,,,,,,,,0.5768398268,0.4907486473,0.3735033136
