Filename,TruePos_X,TruePos_Y,TrueNeg_X,TrueNeg_Y,FalsePos_X,FalsePos_Y,FalseNg_X,FalseNeg_Y,,Precision_X,Accuracy_X,Recall_X,Precision_Y,Accuracy_Y,Recall_Y
"Values/lab_s1_1(2,3,self)",0,2,119,140,21,0,28,26,,0,0.7083333333,0,1,0.8452380952,0.0714285714
"Values/outdoor_s1_1(1,4,self)",11,11,0,0,55,55,0,0,,0.1666666667,0.1666666667,1,0.1666666667,0.1666666667,1
"Values/outdoor_s1_2 (1,2,4,self)",55,23,65,87,73,51,83,115,,0.4296875,0.4347826087,0.3985507246,0.3108108108,0.3985507246,0.1666666667
"Values/lab_s1_1(1,4),(2,3);(1,4),(2,3,self)",30,11,84,79,0,5,12,31,,1,0.9047619048,0.7142857143,0.6875,0.7142857143,0.2619047619
"Values/outdoor_s2_2(1,2,self)",47,24,0,0,0,0,38,61,,1,0.5529411765,0.5529411765,1,0.2823529412,0.2823529412
"Values/outdoor_s2_1(1,2,self)",94,84,0,0,0,0,11,21,,1,0.8952380952,0.8952380952,1,0.8,0.8
"Values/lab_s1_1(1,2,3,4,self);(1,4),(2,3)",85,25,19,146,185,58,17,77,,0.3148148148,0.339869281,0.8333333333,0.3012048193,0.5588235294,0.2450980392
,,,,,,,,,,,,,0.6380260424,0.5379882388,0.4039215686
