Filename,TruePos_X,TruePos_Y,TrueNeg_X,TrueNeg_Y,FalsePos_X,FalsePos_Y,FalseNg_X,FalseNeg_Y,,Precision_X,Accuracy_X,Recall_X,Precision_Y,Accuracy_Y,Recall_Y
"Values/lab_s1_1(2,3,self)",0,22,189,170,1,20,38,16,,0.0,0.8289473684210527,0.0,0.5238095238095238,0.8421052631578947,0.5789473684210527
"Values/outdoor_s1_1(1,4,self)",13,19,25,0,80,105,8,2,,0.13978494623655913,0.30158730158730157,0.6190476190476191,0.1532258064516129,0.15079365079365079,0.9047619047619048
"Values/outdoor_s1_2 (1,2,4,self)",52,41,102,83,66,85,116,127,,0.4406779661016949,0.4583333333333333,0.30952380952380953,0.3253968253968254,0.36904761904761907,0.24404761904761904
"Values/lab_s1_1(1,4),(2,3);(1,4),(2,3,self)",30,20,123,88,1,36,32,42,,0.967741935483871,0.8225806451612904,0.4838709677419355,0.35714285714285715,0.5806451612903226,0.3225806451612903
"Values/outdoor_s2_2(1,2,self)",46,45,0,0,0,0,49,50,,1.0,0.4842105263157895,0.4842105263157895,1.0,0.47368421052631576,0.47368421052631576
"Values/outdoor_s2_1(1,2,self)",66,95,0,0,0,0,49,20,,1.0,0.5739130434782609,0.5739130434782609,1.0,0.8260869565217391,0.8260869565217391
"Values/lab_s1_1(1,2,3,4,self);(1,4),(2,3)",59,48,89,133,155,111,63,74,,0.2757009345794392,0.40437158469945356,0.48360655737704916,0.3018867924528302,0.49453551912568305,0.39344262295081966
