Filename,TruePos_X,TruePos_Y,TrueNeg_X,TrueNeg_Y,FalsePos_X,FalsePos_Y,FalseNg_X,FalseNeg_Y,,Precision_X,Accuracy_X,Recall_X,Precision_Y,Accuracy_Y,Recall_Y
"Values/lab_s1_1(2,3,self)",2,11,164,181,26,9,36,27,,0.07142857142857142,0.7280701754385965,0.05263157894736842,0.55,0.8421052631578947,0.2894736842105263
"Values/outdoor_s1_1(1,4,self)",15,16,12,1,93,104,6,5,,0.1388888888888889,0.21428571428571427,0.7142857142857143,0.13333333333333333,0.1349206349206349,0.7619047619047619
"Values/outdoor_s1_2 (1,2,4,self)",69,19,77,114,91,54,99,149,,0.43125,0.43452380952380953,0.4107142857142857,0.2602739726027397,0.3958333333333333,0.1130952380952381
"Values/lab_s1_1(1,4),(2,3);(1,4),(2,3,self)",46,14,112,112,12,12,16,48,,0.7931034482758621,0.8494623655913979,0.7419354838709677,0.5384615384615384,0.6774193548387096,0.22580645161290322
"Values/outdoor_s2_2(1,2,self)",59,35,0,0,0,0,36,60,,1.0,0.6210526315789474,0.6210526315789474,1.0,0.3684210526315789,0.3684210526315789
"Values/outdoor_s2_1(1,2,self)",94,91,0,0,0,0,21,24,,1.0,0.8173913043478261,0.8173913043478261,1.0,0.7913043478260869,0.7913043478260869
"Values/lab_s1_1(1,2,3,4,self);(1,4),(2,3)",87,41,49,157,195,87,35,81,,0.30851063829787234,0.37158469945355194,0.7131147540983607,0.3203125,0.5409836065573771,0.3360655737704918
