Filename,TruePos_X,TruePos_Y,TrueNeg_X,TrueNeg_Y,FalsePos_X,FalsePos_Y,FalseNg_X,FalseNeg_Y,,Precision_X,Accuracy_X,Recall_X,Precision_Y,Accuracy_Y,Recall_Y
"Values/lab_s1_1(2,3,self)",0,17,119,140,21,0,28,11,,0,0.7083333333,0,1,0.9345238095,0.6071428571
"Values/outdoor_s1_1(1,4,self)",11,11,0,0,55,55,0,0,,0.1666666667,0.1666666667,1,0.1666666667,0.1666666667,1
"Values/outdoor_s1_2 (1,2,4,self)",55,33,65,67,73,71,83,105,,0.4296875,0.4347826087,0.3985507246,0.3173076923,0.3623188406,0.2391304348
"Values/lab_s1_1(1,4),(2,3);(1,4),(2,3,self)",30,13,84,56,0,28,12,29,,1,0.9047619048,0.7142857143,0.3170731707,0.5476190476,0.3095238095
"Values/outdoor_s2_2(1,2,self)",47,29,0,0,0,0,38,56,,1,0.5529411765,0.5529411765,1,0.3411764706,0.3411764706
"Values/outdoor_s2_1(1,2,self)",94,87,0,0,0,0,11,18,,1,0.8952380952,0.8952380952,1,0.8285714286,0.8285714286
"Values/lab_s1_1(1,2,3,4,self);(1,4),(2,3)",85,40,19,137,185,67,17,62,,0.3148148148,0.339869281,0.8333333333,0.3738317757,0.5784313725,0.3921568627
,,,,,,,,,,,,,0.5964113293,0.537043948,0.5311002662
