Filename,TruePos_X,TruePos_Y,TrueNeg_X,TrueNeg_Y,FalsePos_X,FalsePos_Y,FalseNg_X,FalseNeg_Y,,Precision_X,Accuracy_X,Recall_X,Precision_Y,Accuracy_Y,Recall_Y
"Values/lab_s1_1(2,3,self)",0,3,205,218,35,22,48,45,,0.0,0.7118055555555556,0.0,0.12,0.7673611111111112,0.0625
"Values/outdoor_s1_1(1,4,self)",18,17,41,50,114,105,13,14,,0.13636363636363635,0.3172043010752688,0.5806451612903226,0.13934426229508196,0.3602150537634409,0.5483870967741935
"Values/outdoor_s1_2 (1,2,4,self)",89,7,99,172,99,26,109,191,,0.4734042553191489,0.47474747474747475,0.4494949494949495,0.21212121212121213,0.45202020202020204,0.03535353535353535
"Values/lab_s1_1(1,4),(2,3);(1,4),(2,3,self)",43,8,140,149,24,15,39,74,,0.6417910447761194,0.7439024390243902,0.524390243902439,0.34782608695652173,0.6382113821138211,0.0975609756097561
"Values/outdoor_s2_2(1,2,self)",60,40,0,0,0,0,45,65,,1.0,0.5714285714285714,0.5714285714285714,1.0,0.38095238095238093,0.38095238095238093
"Values/outdoor_s2_1(1,2,self)",86,71,0,0,0,0,39,54,,1.0,0.688,0.688,1.0,0.568,0.568
"Values/lab_s1_1(1,2,3,4,self);(1,4),(2,3)",84,32,91,226,193,58,58,110,,0.30324909747292417,0.4107981220657277,0.5915492957746479,0.35555555555555557,0.6056338028169014,0.22535211267605634
