Filename,TruePos_X,TruePos_Y,TrueNeg_X,TrueNeg_Y,FalsePos_X,FalsePos_Y,FalseNg_X,FalseNeg_Y,,Precision_X,Accuracy_X,Recall_X,Precision_Y,Accuracy_Y,Recall_Y
"Values/lab_s1_1(2,3,self)",0,17,119,140,21,0,28,11,,0.0,0.7083333333333334,0.0,1.0,0.9345238095238095,0.6071428571428571
"Values/outdoor_s1_1(1,4,self)",11,11,0,0,55,55,0,0,,0.16666666666666666,0.16666666666666666,1.0,0.16666666666666666,0.16666666666666666,1.0
"Values/outdoor_s1_2 (1,2,4,self)",55,33,65,67,73,71,83,105,,0.4296875,0.43478260869565216,0.39855072463768115,0.3173076923076923,0.36231884057971014,0.2391304347826087
"Values/lab_s1_1(1,4),(2,3);(1,4),(2,3,self)",30,13,84,56,0,28,12,29,,1.0,0.9047619047619048,0.7142857142857143,0.3170731707317073,0.5476190476190477,0.30952380952380953
"Values/outdoor_s2_2(1,2,self)",47,29,0,0,0,0,38,56,,1.0,0.5529411764705883,0.5529411764705883,1.0,0.3411764705882353,0.3411764705882353
"Values/outdoor_s2_1(1,2,self)",94,87,0,0,0,0,11,18,,1.0,0.8952380952380953,0.8952380952380953,1.0,0.8285714285714286,0.8285714285714286
"Values/lab_s1_1(1,2,3,4,self);(1,4),(2,3)",85,40,19,137,185,67,17,62,,0.3148148148148148,0.33986928104575165,0.8333333333333334,0.37383177570093457,0.5784313725490197,0.39215686274509803
