Filename,TruePos_X,TruePos_Y,TrueNeg_X,TrueNeg_Y,FalsePos_X,FalsePos_Y,FalseNg_X,FalseNeg_Y,,Precision_X,Accuracy_X,Recall_X,Precision_Y,Accuracy_Y,Recall_Y
"Values/lab_s1_1(2,3,self)",0,7,75,90,15,0,18,11,,0.0,0.6944444444444444,0.0,1.0,0.8981481481481481,0.3888888888888889
"Values/outdoor_s1_1(1,4,self)",1,1,0,0,5,5,0,0,,0.16666666666666666,0.16666666666666666,1.0,0.16666666666666666,0.16666666666666666,1.0
"Values/outdoor_s1_2 (1,2,4,self)",53,37,42,44,66,64,55,71,,0.44537815126050423,0.4398148148148148,0.49074074074074076,0.36633663366336633,0.375,0.3425925925925926
"Values/lab_s1_1(1,4),(2,3);(1,4),(2,3,self)",11,8,44,32,0,12,11,14,,1.0,0.8333333333333334,0.5,0.4,0.6060606060606061,0.36363636363636365
"Values/outdoor_s2_2(1,2,self)",38,9,0,0,0,0,37,66,,1.0,0.5066666666666667,0.5066666666666667,1.0,0.12,0.12
"Values/outdoor_s2_1(1,2,self)",93,79,0,0,0,0,2,16,,1.0,0.9789473684210527,0.9789473684210527,1.0,0.8315789473684211,0.8315789473684211
"Values/lab_s1_1(1,2,3,4,self);(1,4),(2,3)",75,25,5,112,159,52,7,57,,0.32051282051282054,0.3252032520325203,0.9146341463414634,0.3246753246753247,0.556910569105691,0.3048780487804878
