Filename,TruePos_X,TruePos_Y,TrueNeg_X,TrueNeg_Y,FalsePos_X,FalsePos_Y,FalseNg_X,FalseNeg_Y,,Precision_X,Accuracy_X,Recall_X,Precision_Y,Accuracy_Y,Recall_Y
"Values/lab_s1_1(2,3,self)",0,2,90,90,0,0,18,16,,1,0.8333333333333334,0.0,1.0,0.8518518518518519,0.1111111111111111
"Values/outdoor_s1_1(1,4,self)",1,1,0,0,5,5,0,0,,0.16666666666666666,0.16666666666666666,1.0,0.16666666666666666,0.16666666666666666,1.0
"Values/outdoor_s1_2 (1,2,4,self)",26,25,60,58,48,50,82,83,,0.35135135135135137,0.39814814814814814,0.24074074074074073,0.3333333333333333,0.38425925925925924,0.23148148148148148
"Values/lab_s1_1(1,4),(2,3);(1,4),(2,3,self)",11,3,44,35,0,9,11,19,,1.0,0.8333333333333334,0.5,0.25,0.5757575757575758,0.13636363636363635
"Values/outdoor_s2_2(1,2,self)",15,7,0,0,0,0,60,68,,1.0,0.2,0.2,1.0,0.09333333333333334,0.09333333333333334
"Values/outdoor_s2_1(1,2,self)",82,77,0,0,0,0,13,18,,1.0,0.8631578947368421,0.8631578947368421,1.0,0.8105263157894737,0.8105263157894737
"Values/lab_s1_1(1,2,3,4,self);(1,4),(2,3)",64,19,21,117,143,47,18,63,,0.30917874396135264,0.34552845528455284,0.7804878048780488,0.2878787878787879,0.5528455284552846,0.23170731707317074
