Filename,TruePos_X,TruePos_Y,TrueNeg_X,TrueNeg_Y,FalsePos_X,FalsePos_Y,FalseNg_X,FalseNeg_Y,,Precision_X,Accuracy_X,Recall_X,Precision_Y,Accuracy_Y,Recall_Y
"Values/lab_s1_1(2,3,self)",0,7,205,212,35,28,48,41,,0.0,0.7118055555555556,0.0,0.2,0.7604166666666666,0.14583333333333334
"Values/outdoor_s1_1(1,4,self)",18,17,41,43,114,112,13,14,,0.13636363636363635,0.3172043010752688,0.5806451612903226,0.13178294573643412,0.3225806451612903,0.5483870967741935
"Values/outdoor_s1_2 (1,2,4,self)",89,9,99,160,99,38,109,189,,0.4734042553191489,0.47474747474747475,0.4494949494949495,0.19148936170212766,0.42676767676767674,0.045454545454545456
"Values/lab_s1_1(1,4),(2,3);(1,4),(2,3,self)",43,8,140,146,24,18,39,74,,0.6417910447761194,0.7439024390243902,0.524390243902439,0.3076923076923077,0.6260162601626016,0.0975609756097561
"Values/outdoor_s2_2(1,2,self)",60,41,0,0,0,0,45,64,,1.0,0.5714285714285714,0.5714285714285714,1.0,0.3904761904761905,0.3904761904761905
"Values/outdoor_s2_1(1,2,self)",86,74,0,0,0,0,39,51,,1.0,0.688,0.688,1.0,0.592,0.592
"Values/lab_s1_1(1,2,3,4,self);(1,4),(2,3)",84,36,91,207,193,77,58,106,,0.30324909747292417,0.4107981220657277,0.5915492957746479,0.3185840707964602,0.5704225352112676,0.2535211267605634
