Filename,TruePos_X,TruePos_Y,TrueNeg_X,TrueNeg_Y,FalsePos_X,FalsePos_Y,FalseNg_X,FalseNeg_Y,,Precision_X,Accuracy_X,Recall_X,Precision_Y,Accuracy_Y,Recall_Y
"Values/lab_s1_1(2,3,self)",0,21,119,138,21,2,28,7,,0,0.7083333333,0,0.9130434783,0.9464285714,0.75
"Values/outdoor_s1_1(1,4,self)",11,11,0,0,55,55,0,0,,0.1666666667,0.1666666667,1,0.1666666667,0.1666666667,1
"Values/outdoor_s1_2 (1,2,4,self)",55,38,65,49,73,89,83,100,,0.4296875,0.4347826087,0.3985507246,0.2992125984,0.3152173913,0.2753623188
"Values/lab_s1_1(1,4),(2,3);(1,4),(2,3,self)",30,18,84,51,0,33,12,24,,1,0.9047619048,0.7142857143,0.3529411765,0.5476190476,0.4285714286
"Values/outdoor_s2_2(1,2,self)",47,34,0,0,0,0,38,51,,1,0.5529411765,0.5529411765,1,0.4,0.4
"Values/outdoor_s2_1(1,2,self)",94,91,0,0,0,0,11,14,,1,0.8952380952,0.8952380952,1,0.8666666667,0.8666666667
"Values/lab_s1_1(1,2,3,4,self);(1,4),(2,3)",85,42,19,127,185,77,17,60,,0.3148148148,0.339869281,0.8333333333,0.3529411765,0.5522875817,0.4117647059
,,,,,,,,,,,,,0.5835435852,0.5421265608,0.5903378743
