Filename,TruePos_X,TruePos_Y,TrueNeg_X,TrueNeg_Y,FalsePos_X,FalsePos_Y,FalseNg_X,FalseNeg_Y,,Precision_X,Accuracy_X,Recall_X,Precision_Y,Accuracy_Y,Recall_Y
"Values/lab_s1_1(2,3,self)",0,21,119,138,21,2,28,7,,0.0,0.7083333333333334,0.0,0.9130434782608695,0.9464285714285714,0.75
"Values/outdoor_s1_1(1,4,self)",11,11,0,0,55,55,0,0,,0.16666666666666666,0.16666666666666666,1.0,0.16666666666666666,0.16666666666666666,1.0
"Values/outdoor_s1_2 (1,2,4,self)",55,38,65,49,73,89,83,100,,0.4296875,0.43478260869565216,0.39855072463768115,0.2992125984251969,0.31521739130434784,0.2753623188405797
"Values/lab_s1_1(1,4),(2,3);(1,4),(2,3,self)",30,18,84,51,0,33,12,24,,1.0,0.9047619047619048,0.7142857142857143,0.35294117647058826,0.5476190476190477,0.42857142857142855
"Values/outdoor_s2_2(1,2,self)",47,34,0,0,0,0,38,51,,1.0,0.5529411764705883,0.5529411764705883,1.0,0.4,0.4
"Values/outdoor_s2_1(1,2,self)",94,91,0,0,0,0,11,14,,1.0,0.8952380952380953,0.8952380952380953,1.0,0.8666666666666667,0.8666666666666667
"Values/lab_s1_1(1,2,3,4,self);(1,4),(2,3)",85,42,19,127,185,77,17,60,,0.3148148148148148,0.33986928104575165,0.8333333333333334,0.35294117647058826,0.5522875816993464,0.4117647058823529
