Filename,TruePos_X,TruePos_Y,TrueNeg_X,TrueNeg_Y,FalsePos_X,FalsePos_Y,FalseNg_X,FalseNeg_Y,,Precision_X,Accuracy_X,Recall_X,Precision_Y,Accuracy_Y,Recall_Y
"Values/lab_s1_1(2,3,self)",2,17,164,174,26,16,36,21,,0.07142857142857142,0.7280701754385965,0.05263157894736842,0.5151515151515151,0.8377192982456141,0.4473684210526316
"Values/outdoor_s1_1(1,4,self)",15,17,12,0,93,105,6,4,,0.1388888888888889,0.21428571428571427,0.7142857142857143,0.13934426229508196,0.1349206349206349,0.8095238095238095
"Values/outdoor_s1_2 (1,2,4,self)",69,33,77,95,91,73,99,135,,0.43125,0.43452380952380953,0.4107142857142857,0.3113207547169811,0.38095238095238093,0.19642857142857142
"Values/lab_s1_1(1,4),(2,3);(1,4),(2,3,self)",46,18,112,104,12,20,16,44,,0.7931034482758621,0.8494623655913979,0.7419354838709677,0.47368421052631576,0.6559139784946236,0.2903225806451613
"Values/outdoor_s2_2(1,2,self)",59,39,0,0,0,0,36,56,,1.0,0.6210526315789474,0.6210526315789474,1.0,0.4105263157894737,0.4105263157894737
"Values/outdoor_s2_1(1,2,self)",94,93,0,0,0,0,21,22,,1.0,0.8173913043478261,0.8173913043478261,1.0,0.808695652173913,0.808695652173913
"Values/lab_s1_1(1,2,3,4,self);(1,4),(2,3)",87,44,49,146,195,98,35,78,,0.30851063829787234,0.37158469945355194,0.7131147540983607,0.30985915492957744,0.5191256830601093,0.36065573770491804
