Filename,TruePos_X,TruePos_Y,TrueNeg_X,TrueNeg_Y,FalsePos_X,FalsePos_Y,FalseNg_X,FalseNeg_Y,,Precision_X,Accuracy_X,Recall_X,Precision_Y,Accuracy_Y,Recall_Y
"Values/lab_s1_1(2,3,self)",0,0,121,140,19,0,28,28,,0.0,0.7202380952380952,0.0,1,0.8333333333333334,0.0
"Values/outdoor_s1_1(1,4,self)",11,11,0,0,55,55,0,0,,0.16666666666666666,0.16666666666666666,1.0,0.16666666666666666,0.16666666666666666,1.0
"Values/outdoor_s1_2 (1,2,4,self)",53,10,66,110,72,28,85,128,,0.424,0.4311594202898551,0.38405797101449274,0.2631578947368421,0.43478260869565216,0.07246376811594203
"Values/lab_s1_1(1,4),(2,3);(1,4),(2,3,self)",29,6,84,83,0,1,13,36,,1.0,0.8968253968253969,0.6904761904761905,0.8571428571428571,0.7063492063492064,0.14285714285714285
"Values/outdoor_s2_2(1,2,self)",46,18,0,0,0,0,39,67,,1.0,0.5411764705882353,0.5411764705882353,1.0,0.21176470588235294,0.21176470588235294
"Values/outdoor_s2_1(1,2,self)",92,77,0,0,0,0,13,28,,1.0,0.8761904761904762,0.8761904761904762,1.0,0.7333333333333333,0.7333333333333333
"Values/lab_s1_1(1,2,3,4,self);(1,4),(2,3)",82,24,20,157,184,47,20,78,,0.3082706766917293,0.3333333333333333,0.803921568627451,0.3380281690140845,0.5915032679738562,0.23529411764705882
