Filename,TruePos_X,TruePos_Y,TrueNeg_X,TrueNeg_Y,FalsePos_X,FalsePos_Y,FalseNg_X,FalseNeg_Y,,Precision_X,Accuracy_X,Recall_X,Precision_Y,Accuracy_Y,Recall_Y
"Values/lab_s1_1(2,3,self)",0,10,205,209,35,31,48,38,,0.0,0.7118055555555556,0.0,0.24390243902439024,0.7604166666666666,0.20833333333333334
"Values/outdoor_s1_1(1,4,self)",18,18,41,38,114,117,13,13,,0.13636363636363635,0.3172043010752688,0.5806451612903226,0.13333333333333333,0.3010752688172043,0.5806451612903226
"Values/outdoor_s1_2 (1,2,4,self)",89,20,99,145,99,53,109,178,,0.4734042553191489,0.47474747474747475,0.4494949494949495,0.273972602739726,0.4166666666666667,0.10101010101010101
"Values/lab_s1_1(1,4),(2,3);(1,4),(2,3,self)",43,9,140,136,24,28,39,73,,0.6417910447761194,0.7439024390243902,0.524390243902439,0.24324324324324326,0.5894308943089431,0.10975609756097561
"Values/outdoor_s2_2(1,2,self)",60,44,0,0,0,0,45,61,,1.0,0.5714285714285714,0.5714285714285714,1.0,0.41904761904761906,0.41904761904761906
"Values/outdoor_s2_1(1,2,self)",86,75,0,0,0,0,39,50,,1.0,0.688,0.688,1.0,0.6,0.6
"Values/lab_s1_1(1,2,3,4,self);(1,4),(2,3)",84,40,91,194,193,90,58,102,,0.30324909747292417,0.4107981220657277,0.5915492957746479,0.3076923076923077,0.5492957746478874,0.28169014084507044
