Filename,TruePos_X,TruePos_Y,TrueNeg_X,TrueNeg_Y,FalsePos_X,FalsePos_Y,FalseNg_X,FalseNeg_Y,,Precision_X,Accuracy_X,Recall_X,Precision_Y,Accuracy_Y,Recall_Y
"Values/lab_s1_1(2,3,self)",0,27,119,137,21,3,28,1,,0.0,0.7083333333333334,0.0,0.9,0.9761904761904762,0.9642857142857143
"Values/outdoor_s1_1(1,4,self)",11,11,0,0,55,55,0,0,,0.16666666666666666,0.16666666666666666,1.0,0.16666666666666666,0.16666666666666666,1.0
"Values/outdoor_s1_2 (1,2,4,self)",55,44,65,43,73,95,83,94,,0.4296875,0.43478260869565216,0.39855072463768115,0.31654676258992803,0.31521739130434784,0.3188405797101449
"Values/lab_s1_1(1,4),(2,3);(1,4),(2,3,self)",30,21,84,45,0,39,12,21,,1.0,0.9047619047619048,0.7142857142857143,0.35,0.5238095238095238,0.5
"Values/outdoor_s2_2(1,2,self)",47,39,0,0,0,0,38,46,,1.0,0.5529411764705883,0.5529411764705883,1.0,0.4588235294117647,0.4588235294117647
"Values/outdoor_s2_1(1,2,self)",94,92,0,0,0,0,11,13,,1.0,0.8952380952380953,0.8952380952380953,1.0,0.8761904761904762,0.8761904761904762
"Values/lab_s1_1(1,2,3,4,self);(1,4),(2,3)",85,44,19,122,185,82,17,58,,0.3148148148148148,0.33986928104575165,0.8333333333333334,0.3492063492063492,0.5424836601307189,0.43137254901960786
