Filename,TruePos_X,TruePos_Y,TrueNeg_X,TrueNeg_Y,FalsePos_X,FalsePos_Y,FalseNg_X,FalseNeg_Y,,Precision_X,Accuracy_X,Recall_X,Precision_Y,Accuracy_Y,Recall_Y
"Values/lab_s1_1(2,3,self)",0,28,136,130,4,10,28,0,,0,0.8095238095,0,0.7368421053,0.9404761905,1
"Values/outdoor_s1_1(1,4,self)",11,11,0,0,55,55,0,0,,0.1666666667,0.1666666667,1,0.1666666667,0.1666666667,1
"Values/outdoor_s1_2 (1,2,4,self)",46,59,75,39,63,99,92,79,,0.4220183486,0.4384057971,0.3333333333,0.3734177215,0.3550724638,0.4275362319
"Values/lab_s1_1(1,4),(2,3);(1,4),(2,3,self)",28,21,84,43,0,41,14,21,,1,0.8888888889,0.6666666667,0.3387096774,0.5079365079,0.5
"Values/outdoor_s2_2(1,2,self)",37,49,0,0,0,0,48,36,,1,0.4352941176,0.4352941176,1,0.5764705882,0.5764705882
"Values/outdoor_s2_1(1,2,self)",88,94,0,0,0,0,17,11,,1,0.8380952381,0.8380952381,1,0.8952380952,0.8952380952
"Values/lab_s1_1(1,2,3,4,self);(1,4),(2,3)",73,47,26,111,178,93,29,55,,0.2908366534,0.3235294118,0.7156862745,0.3357142857,0.5163398693,0.4607843137
,,,,,,,,,,0.5542173812,0.5572005614,0.5698679472,,,
