Filename,TruePos_X,TruePos_Y,TrueNeg_X,TrueNeg_Y,FalsePos_X,FalsePos_Y,FalseNg_X,FalseNeg_Y,,Precision_X,Accuracy_X,Recall_X,Precision_Y,Accuracy_Y,Recall_Y
"Values/lab_s1_1(2,3,self)",0,28,136,130,4,10,28,0,,0.0,0.8095238095238095,0.0,0.7368421052631579,0.9404761904761905,1.0
"Values/outdoor_s1_1(1,4,self)",11,11,0,0,55,55,0,0,,0.16666666666666666,0.16666666666666666,1.0,0.16666666666666666,0.16666666666666666,1.0
"Values/outdoor_s1_2 (1,2,4,self)",46,59,75,39,63,99,92,79,,0.42201834862385323,0.4384057971014493,0.3333333333333333,0.37341772151898733,0.35507246376811596,0.427536231884058
"Values/lab_s1_1(1,4),(2,3);(1,4),(2,3,self)",28,21,84,43,0,41,14,21,,1.0,0.8888888888888888,0.6666666666666666,0.3387096774193548,0.5079365079365079,0.5
"Values/outdoor_s2_2(1,2,self)",37,49,0,0,0,0,48,36,,1.0,0.43529411764705883,0.43529411764705883,1.0,0.5764705882352941,0.5764705882352941
"Values/outdoor_s2_1(1,2,self)",88,94,0,0,0,0,17,11,,1.0,0.8380952380952381,0.8380952380952381,1.0,0.8952380952380953,0.8952380952380953
"Values/lab_s1_1(1,2,3,4,self);(1,4),(2,3)",73,47,26,111,178,93,29,55,,0.2908366533864542,0.3235294117647059,0.7156862745098039,0.3357142857142857,0.5163398692810458,0.46078431372549017
