Filename,TruePos_X,TruePos_Y,TrueNeg_X,TrueNeg_Y,FalsePos_X,FalsePos_Y,FalseNg_X,FalseNeg_Y,,Precision_X,Accuracy_X,Recall_X,Precision_Y,Accuracy_Y,Recall_Y
"Values/lab_s1_1(2,3,self)",0,18,90,79,0,11,18,0,,1,0.8333333333333334,0.0,0.6206896551724138,0.8981481481481481,1.0
"Values/outdoor_s1_1(1,4,self)",1,1,0,0,5,5,0,0,,0.16666666666666666,0.16666666666666666,1.0,0.16666666666666666,0.16666666666666666,1.0
"Values/outdoor_s1_2 (1,2,4,self)",26,55,52,22,56,86,82,53,,0.3170731707317073,0.3611111111111111,0.24074074074074073,0.3900709219858156,0.35648148148148145,0.5092592592592593
"Values/lab_s1_1(1,4),(2,3);(1,4),(2,3,self)",11,22,44,11,0,33,11,0,,1.0,0.8333333333333334,0.5,0.4,0.5,1.0
"Values/outdoor_s2_2(1,2,self)",19,32,0,0,0,0,56,43,,1.0,0.25333333333333335,0.25333333333333335,1.0,0.4266666666666667,0.4266666666666667
"Values/outdoor_s2_1(1,2,self)",85,88,0,0,0,0,10,7,,1.0,0.8947368421052632,0.8947368421052632,1.0,0.9263157894736842,0.9263157894736842
"Values/lab_s1_1(1,2,3,4,self);(1,4),(2,3)",67,35,14,90,150,74,15,47,,0.3087557603686636,0.32926829268292684,0.8170731707317073,0.3211009174311927,0.508130081300813,0.4268292682926829
