Filename,TruePos_X,TruePos_Y,TrueNeg_X,TrueNeg_Y,FalsePos_X,FalsePos_Y,FalseNg_X,FalseNeg_Y,,Precision_X,Accuracy_X,Recall_X,Precision_Y,Accuracy_Y,Recall_Y
"Values/lab_s1_1(2,3,self)",0,14,227,207,13,33,48,34,,0.0,0.7881944444444444,0.0,0.2978723404255319,0.7673611111111112,0.2916666666666667
"Values/outdoor_s1_1(1,4,self)",16,18,48,33,107,122,15,13,,0.13008130081300814,0.34408602150537637,0.5161290322580645,0.12857142857142856,0.27419354838709675,0.5806451612903226
"Values/outdoor_s1_2 (1,2,4,self)",74,28,112,132,86,66,124,170,,0.4625,0.4696969696969697,0.37373737373737376,0.2978723404255319,0.40404040404040403,0.1414141414141414
"Values/lab_s1_1(1,4),(2,3);(1,4),(2,3,self)",35,9,148,128,16,36,47,73,,0.6862745098039216,0.7439024390243902,0.4268292682926829,0.2,0.556910569105691,0.10975609756097561
"Values/outdoor_s2_2(1,2,self)",51,46,0,0,0,0,54,59,,1.0,0.4857142857142857,0.4857142857142857,1.0,0.4380952380952381,0.4380952380952381
"Values/outdoor_s2_1(1,2,self)",64,82,0,0,0,0,61,43,,1.0,0.512,0.512,1.0,0.656,0.656
"Values/lab_s1_1(1,2,3,4,self);(1,4),(2,3)",79,44,115,177,169,107,63,98,,0.3185483870967742,0.45539906103286387,0.5563380281690141,0.2913907284768212,0.5187793427230047,0.30985915492957744
