Filename,TruePos_X,TruePos_Y,TrueNeg_X,TrueNeg_Y,FalsePos_X,FalsePos_Y,FalseNg_X,FalseNeg_Y,,Precision_X,Accuracy_X,Recall_X,Precision_Y,Accuracy_Y,Recall_Y
"Values/lab_s1_1(2,3,self)",0,14,230,207,10,33,48,34,,0.0,0.7986111111111112,0.0,0.2978723404255319,0.7673611111111112,0.2916666666666667
"Values/outdoor_s1_1(1,4,self)",16,18,52,33,103,122,15,13,,0.13445378151260504,0.3655913978494624,0.5161290322580645,0.12857142857142856,0.27419354838709675,0.5806451612903226
"Values/outdoor_s1_2 (1,2,4,self)",70,28,115,132,83,66,128,170,,0.45751633986928103,0.4671717171717172,0.35353535353535354,0.2978723404255319,0.40404040404040403,0.1414141414141414
"Values/lab_s1_1(1,4),(2,3);(1,4),(2,3,self)",31,9,151,128,13,36,51,73,,0.7045454545454546,0.7398373983739838,0.3780487804878049,0.2,0.556910569105691,0.10975609756097561
"Values/outdoor_s2_2(1,2,self)",44,46,0,0,0,0,61,59,,1.0,0.41904761904761906,0.41904761904761906,1.0,0.4380952380952381,0.4380952380952381
"Values/outdoor_s2_1(1,2,self)",60,82,0,0,0,0,65,43,,1.0,0.48,0.48,1.0,0.656,0.656
"Values/lab_s1_1(1,2,3,4,self);(1,4),(2,3)",79,44,122,177,162,107,63,98,,0.3278008298755187,0.47183098591549294,0.5563380281690141,0.2913907284768212,0.5187793427230047,0.30985915492957744
