Filename,TruePos_X,TruePos_Y,TrueNeg_X,TrueNeg_Y,FalsePos_X,FalsePos_Y,FalseNg_X,FalseNeg_Y,,Precision_X,Accuracy_X,Recall_X,Precision_Y,Accuracy_Y,Recall_Y
"Values/lab_s1_1(2,3,self)",0,23,186,163,4,27,38,15,,0.0,0.8157894736842105,0.0,0.46,0.8157894736842105,0.6052631578947368
"Values/outdoor_s1_1(1,4,self)",14,20,22,0,83,105,7,1,,0.14432989690721648,0.2857142857142857,0.6666666666666666,0.16,0.15873015873015872,0.9523809523809523
"Values/outdoor_s1_2 (1,2,4,self)",53,52,95,70,73,98,115,116,,0.42063492063492064,0.44047619047619047,0.31547619047619047,0.3466666666666667,0.3630952380952381,0.30952380952380953
"Values/lab_s1_1(1,4),(2,3);(1,4),(2,3,self)",35,20,121,74,3,50,27,42,,0.9210526315789473,0.8387096774193549,0.5645161290322581,0.2857142857142857,0.5053763440860215,0.3225806451612903
"Values/outdoor_s2_2(1,2,self)",50,47,0,0,0,0,45,48,,1.0,0.5263157894736842,0.5263157894736842,1.0,0.49473684210526314,0.49473684210526314
"Values/outdoor_s2_1(1,2,self)",71,97,0,0,0,0,44,18,,1.0,0.6173913043478261,0.6173913043478261,1.0,0.8434782608695652,0.8434782608695652
"Values/lab_s1_1(1,2,3,4,self);(1,4),(2,3)",66,50,79,114,165,130,56,72,,0.2857142857142857,0.39617486338797814,0.5409836065573771,0.2777777777777778,0.44808743169398907,0.4098360655737705
