Filename,TruePos_X,TruePos_Y,TrueNeg_X,TrueNeg_Y,FalsePos_X,FalsePos_Y,FalseNg_X,FalseNeg_Y,,Precision_X,Accuracy_X,Recall_X,Precision_Y,Accuracy_Y,Recall_Y
"Values/lab_s1_1(2,3,self)",0,28,138,130,2,10,28,0,,0.0,0.8214285714285714,0.0,0.7368421052631579,0.9404761904761905,1.0
"Values/outdoor_s1_1(1,4,self)",11,11,2,0,53,55,0,0,,0.171875,0.19696969696969696,1.0,0.16666666666666666,0.16666666666666666,1.0
"Values/outdoor_s1_2 (1,2,4,self)",41,59,78,39,60,99,97,79,,0.40594059405940597,0.4311594202898551,0.2971014492753623,0.37341772151898733,0.35507246376811596,0.427536231884058
"Values/lab_s1_1(1,4),(2,3);(1,4),(2,3,self)",27,21,84,43,0,41,15,21,,1.0,0.8809523809523809,0.6428571428571429,0.3387096774193548,0.5079365079365079,0.5
"Values/outdoor_s2_2(1,2,self)",34,49,0,0,0,0,51,36,,1.0,0.4,0.4,1.0,0.5764705882352941,0.5764705882352941
"Values/outdoor_s2_1(1,2,self)",82,94,0,0,0,0,23,11,,1.0,0.780952380952381,0.780952380952381,1.0,0.8952380952380953,0.8952380952380953
"Values/lab_s1_1(1,2,3,4,self);(1,4),(2,3)",65,47,49,111,155,93,37,55,,0.29545454545454547,0.37254901960784315,0.6372549019607843,0.3357142857142857,0.5163398692810458,0.46078431372549017
