Filename,TruePos_X,TruePos_Y,TrueNeg_X,TrueNeg_Y,FalsePos_X,FalsePos_Y,FalseNg_X,FalseNeg_Y,,Precision_X,Accuracy_X,Recall_X,Precision_Y,Accuracy_Y,Recall_Y
"Values/lab_s1_1(2,3,self)",0,21,136,138,4,2,28,7,,0.0,0.8095238095238095,0.0,0.9130434782608695,0.9464285714285714,0.75
"Values/outdoor_s1_1(1,4,self)",11,11,0,0,55,55,0,0,,0.16666666666666666,0.16666666666666666,1.0,0.16666666666666666,0.16666666666666666,1.0
"Values/outdoor_s1_2 (1,2,4,self)",46,38,75,49,63,89,92,100,,0.42201834862385323,0.4384057971014493,0.3333333333333333,0.2992125984251969,0.31521739130434784,0.2753623188405797
"Values/lab_s1_1(1,4),(2,3);(1,4),(2,3,self)",28,18,84,51,0,33,14,24,,1.0,0.8888888888888888,0.6666666666666666,0.35294117647058826,0.5476190476190477,0.42857142857142855
"Values/outdoor_s2_2(1,2,self)",37,34,0,0,0,0,48,51,,1.0,0.43529411764705883,0.43529411764705883,1.0,0.4,0.4
"Values/outdoor_s2_1(1,2,self)",88,91,0,0,0,0,17,14,,1.0,0.8380952380952381,0.8380952380952381,1.0,0.8666666666666667,0.8666666666666667
"Values/lab_s1_1(1,2,3,4,self);(1,4),(2,3)",73,42,26,127,178,77,29,60,,0.2908366533864542,0.3235294117647059,0.7156862745098039,0.35294117647058826,0.5522875816993464,0.4117647058823529
