Filename,TruePos_X,TruePos_Y,TrueNeg_X,TrueNeg_Y,FalsePos_X,FalsePos_Y,FalseNg_X,FalseNeg_Y,,Precision_X,Accuracy_X,Recall_X,Precision_Y,Accuracy_Y,Recall_Y
"Values/lab_s1_1(2,3,self)",0,0,189,189,1,1,38,38,,0.0,0.8289473684210527,0.0,0.0,0.8289473684210527,0.0
"Values/outdoor_s1_1(1,4,self)",13,12,25,12,80,93,8,9,,0.13978494623655913,0.30158730158730157,0.6190476190476191,0.11428571428571428,0.19047619047619047,0.5714285714285714
"Values/outdoor_s1_2 (1,2,4,self)",52,1,102,151,66,17,116,167,,0.4406779661016949,0.4583333333333333,0.30952380952380953,0.05555555555555555,0.4523809523809524,0.005952380952380952
"Values/lab_s1_1(1,4),(2,3);(1,4),(2,3,self)",30,3,123,122,1,2,32,59,,0.967741935483871,0.8225806451612904,0.4838709677419355,0.6,0.6720430107526881,0.04838709677419355
"Values/outdoor_s2_2(1,2,self)",46,28,0,0,0,0,49,67,,1.0,0.4842105263157895,0.4842105263157895,1.0,0.29473684210526313,0.29473684210526313
"Values/outdoor_s2_1(1,2,self)",66,83,0,0,0,0,49,32,,1.0,0.5739130434782609,0.5739130434782609,1.0,0.7217391304347827,0.7217391304347827
"Values/lab_s1_1(1,2,3,4,self);(1,4),(2,3)",59,30,89,189,155,55,63,92,,0.2757009345794392,0.40437158469945356,0.48360655737704916,0.35294117647058826,0.5983606557377049,0.2459016393442623
