Filename,TruePos_X,TruePos_Y,TrueNeg_X,TrueNeg_Y,FalsePos_X,FalsePos_Y,FalseNg_X,FalseNeg_Y,,Precision_X,Accuracy_X,Recall_X,Precision_Y,Accuracy_Y,Recall_Y
"Values/lab_s1_1(2,3,self)",0,11,189,181,1,9,38,27,,0.0,0.8289473684210527,0.0,0.55,0.8421052631578947,0.2894736842105263
"Values/outdoor_s1_1(1,4,self)",13,16,25,1,80,104,8,5,,0.13978494623655913,0.30158730158730157,0.6190476190476191,0.13333333333333333,0.1349206349206349,0.7619047619047619
"Values/outdoor_s1_2 (1,2,4,self)",52,19,102,114,66,54,116,149,,0.4406779661016949,0.4583333333333333,0.30952380952380953,0.2602739726027397,0.3958333333333333,0.1130952380952381
"Values/lab_s1_1(1,4),(2,3);(1,4),(2,3,self)",30,14,123,112,1,12,32,48,,0.967741935483871,0.8225806451612904,0.4838709677419355,0.5384615384615384,0.6774193548387096,0.22580645161290322
"Values/outdoor_s2_2(1,2,self)",46,35,0,0,0,0,49,60,,1.0,0.4842105263157895,0.4842105263157895,1.0,0.3684210526315789,0.3684210526315789
"Values/outdoor_s2_1(1,2,self)",66,91,0,0,0,0,49,24,,1.0,0.5739130434782609,0.5739130434782609,1.0,0.7913043478260869,0.7913043478260869
"Values/lab_s1_1(1,2,3,4,self);(1,4),(2,3)",59,41,89,157,155,87,63,81,,0.2757009345794392,0.40437158469945356,0.48360655737704916,0.3203125,0.5409836065573771,0.3360655737704918
